{
  "openapi": "3.1.0",
  "info": {
    "version": "1.0.0",
    "title": "Money Guard App",
    "license": {
      "name": "Apache 2.0",
      "url": "http://www.apache.org/licenses/LICENSE-2.0.html"
    },
    "description": "This is a documentation of Money Guard"
  },
  "servers": [
    {
      "url": "http://localhost:3000"
    },
    {
      "url": "https://example.com/api/v1"
    }
  ],
  "tags": [
    {
      "name": "Auth",
      "description": "Auth operations."
    },
    {
      "name": "Users",
      "description": "Operations about users."
    },
    {
      "name": "Transactions",
      "description": "Operations about transactions."
    },
    {
      "name": "Categories",
      "description": "Operations about categories."
    },
    {
      "name": "Summary",
      "description": "Operations about summary."
    }
  ],
  "paths": {
    "/auth/register": {
      "post": {
        "tags": [
          "Auth"
        ],
        "summary": "Register a new user",
        "operationId": "registerUser",
        "description": "Register a new user",
        "security": [],
        "requestBody": {
          "required": true,
          "content": {
            "application/json": {
              "schema": {
                "type": "object",
                "required": [
                  "name",
                  "email",
                  "password"
                ],
                "properties": {
                  "name": {
                    "type": "string",
                    "example": "John Doe"
                  },
                  "email": {
                    "type": "string",
                    "example": "johndoe@example.com"
                  },
                  "password": {
                    "type": "string",
                    "example": "password123"
                  }
                }
              }
            }
          }
        },
        "responses": {
          "201": {
            "description": "User registered successfully",
            "content": {
              "application/json": {
                "schema": {
                  "type": "object",
                  "required": [
                    "status",
                    "message",
                    "data"
                  ],
                  "properties": {
                    "status": {
                      "type": "integer",
                      "example": 201
                    },
                    "message": {
                      "type": "string",
                      "example": "Successfully registered a new user!"
                    },
                    "data": {
                      "$ref": "#/components/schemas/user"
                    }
                  }
                }
              }
            }
          },
          "400": {
            "$ref": "#/components/responses/400"
          },
          "409": {
            "description": "Conflict error",
            "content": {
              "application/json": {
                "schema": {
                  "type": "object",
                  "required": [
                    "status",
                    "message - data"
                  ],
                  "properties": {
                    "status": {
                      "type": "integer",
                      "example": 409
                    },
                    "message": {
                      "type": "string",
                      "example": "ConflictError"
                    },
                    "data": {
                      "type": "object",
                      "required": [
                        "message"
                      ],
                      "properties": {
                        "message": {
                          "type": "string",
                          "example": "The email is already in use"
                        }
                      }
                    }
                  }
                }
              }
            }
          },
          "500": {
            "$ref": "#/components/responses/500"
          }
        }
      }
    },
    "/auth/login": {
      "post": {
        "tags": [
          "Auth"
        ],
        "summary": "Login an user",
        "operationId": "loginUser",
        "description": "Login an user",
        "security": [],
        "requestBody": {
          "required": true,
          "content": {
            "application/json": {
              "schema": {
                "type": "object",
                "required": [
                  "email",
                  "password"
                ],
                "properties": {
                  "email": {
                    "type": "string",
                    "example": "johndoe@example.com"
                  },
                  "password": {
                    "type": "string",
                    "example": "password123"
                  }
                }
              }
            }
          }
        },
        "responses": {
          "200": {
            "description": "User logged in successfully",
            "content": {
              "application/json": {
                "schema": {
                  "type": "object",
                  "required": [
                    "status",
                    "message",
                    "data"
                  ],
                  "properties": {
                    "status": {
                      "type": "integer",
                      "example": 200
                    },
                    "message": {
                      "type": "string",
                      "example": "Successfully logged in an user!"
                    },
                    "data": {
                      "type": "object",
                      "properties": {
                        "accessToken": {
                          "type": "string",
                          "example": "randomToken123"
                        }
                      }
                    }
                  }
                }
              }
            },
            "headers": {
              "Set-Cookie": {
                "schema": {
                  "type": "string",
                  "example": "refreshToken=randomToken123; HttpOnly; Expires=Wed, 01 Jan 2025 00:00:00 GMT; sessionId=randomSessionId123; HttpOnly; Expires=Wed, 01 Jan 2025 00:00:00 GMT"
                }
              }
            }
          },
          "400": {
            "$ref": "#/components/responses/400"
          },
          "401": {
            "description": "Unauthorized error",
            "content": {
              "application/json": {
                "schema": {
                  "type": "object",
                  "required": [
                    "status",
                    "message",
                    "data"
                  ],
                  "properties": {
                    "status": {
                      "type": "integer",
                      "example": 401
                    },
                    "message": {
                      "type": "string",
                      "example": "UnauthorizedError"
                    },
                    "data": {
                      "type": "object",
                      "required": [
                        "message"
                      ],
                      "properties": {
                        "message": {
                          "type": "string",
                          "example": "Email or password is wrong"
                        }
                      }
                    }
                  }
                }
              }
            }
          },
          "500": {
            "$ref": "#/components/responses/500"
          }
        }
      }
    },
    "/auth/refresh": {
      "post": {
        "tags": [
          "Auth"
        ],
        "summary": "Refresh user session",
        "operationId": "refreshUsersSession",
        "description": "Refresh user session",
        "security": [],
        "responses": {
          "200": {
            "description": "Session refreshed successfully",
            "content": {
              "application/json": {
                "schema": {
                  "type": "object",
                  "required": [
                    "status",
                    "message",
                    "data"
                  ],
                  "properties": {
                    "status": {
                      "type": "integer",
                      "example": 200
                    },
                    "message": {
                      "type": "string",
                      "example": "Successfully refreshed a session!"
                    },
                    "data": {
                      "type": "object",
                      "properties": {
                        "accessToken": {
                          "type": "string",
                          "example": "newAccessToken123"
                        }
                      }
                    }
                  }
                }
              }
            },
            "headers": {
              "Set-Cookie": {
                "schema": {
                  "type": "string",
                  "example": "refreshToken=newRefreshToken123; HttpOnly; Expires=Wed, 01 Jan 2025 00:00:00 GMT; sessionId=newSessionId123; HttpOnly; Expires=Wed, 01 Jan 2025 00:00:00 GMT"
                }
              }
            }
          },
          "401": {
            "$ref": "#/components/responses/401"
          },
          "500": {
            "$ref": "#/components/responses/500"
          }
        }
      }
    },
    "/auth/logout": {
      "post": {
        "tags": [
          "Auth"
        ],
        "summary": "Logout an user",
        "operationId": "logoutUser",
        "description": "Logout an user",
        "security": [],
        "responses": {
          "204": {
            "description": "User logged out successfully",
            "headers": {
              "Set-Cookie": {
                "schema": {
                  "type": "string",
                  "example": "refreshToken=; HttpOnly; Expires=Wed, 01 Jan 2025 00:00:00 GMT; sessionId=; HttpOnly; Expires=Wed, 01 Jan 2025 00:00:00 GMT"
                }
              }
            }
          },
          "400": {
            "description": "Bad request error",
            "content": {
              "application/json": {
                "schema": {
                  "type": "object",
                  "required": [
                    "status",
                    "message",
                    "data"
                  ],
                  "properties": {
                    "status": {
                      "type": "integer",
                      "example": 400
                    },
                    "message": {
                      "type": "string",
                      "example": "BadRequestError"
                    },
                    "data": {
                      "type": "object",
                      "required": [
                        "message"
                      ],
                      "properties": {
                        "message": {
                          "type": "string",
                          "example": "Invalid session ID"
                        }
                      }
                    }
                  }
                }
              }
            }
          },
          "401": {
            "description": "Unauthorized error",
            "content": {
              "application/json": {
                "schema": {
                  "type": "object",
                  "required": [
                    "status",
                    "message",
                    "data"
                  ],
                  "properties": {
                    "status": {
                      "type": "integer",
                      "example": 401
                    },
                    "message": {
                      "type": "string",
                      "example": "UnauthorizedError"
                    },
                    "data": {
                      "type": "object",
                      "required": [
                        "message"
                      ],
                      "properties": {
                        "message": {
                          "type": "string",
                          "example": "Session not found or token invalid"
                        }
                      }
                    }
                  }
                }
              }
            }
          },
          "500": {
            "$ref": "#/components/responses/500"
          }
        }
      }
    },
    "/transactions": {
      "get": {
        "tags": [
          "Transactions"
        ],
        "summary": "Get list of transactions",
        "operationId": "getTransactions",
        "description": "Get list of transactions",
        "security": [
          {
            "bearerAuth": []
          }
        ],
        "responses": {
          "200": {
            "description": "Get all transactions",
            "content": {
              "application/json": {
                "schema": {
                  "type": "object",
                  "required": [
                    "status",
                    "message",
                    "data"
                  ],
                  "properties": {
                    "status": {
                      "type": "integer",
                      "example": 200
                    },
                    "message": {
                      "type": "string",
                      "example": "Successfully found transactions!"
                    },
                    "data": {
                      "type": "object",
                      "properties": {
                        "data": {
                          "type": "array",
                          "items": {
                            "$ref": "#/components/schemas/transaction"
                          }
                        }
                      }
                    }
                  }
                }
              }
            }
          },
          "401": {
            "$ref": "#/components/responses/401"
          }
        }
      },
      "post": {
        "tags": [
          "Transactions"
        ],
        "summary": "Create transactions",
        "operationId": "createTransactions",
        "description": "Create a transaction with payload",
        "security": [
          {
            "bearerAuth": []
          }
        ],
        "requestBody": {
          "content": {
            "multipart/form-data": {
              "schema": {
                "type": "object",
                "required": [
                  "transactionType",
                  "categoryId",
                  "summ"
                ],
                "properties": {
                  "transactionType": {
                    "description": "Transaction type",
                    "type": "string",
                    "enum": [
                      "income",
                      "expense"
                    ]
                  },
                  "categoryId": {
                    "description": "Transaction category id",
                    "type": "string",
                    "example": "65e4decdd286b30065d54af9"
                  },
                  "summ": {
                    "description": "Transaction amount",
                    "type": "number",
                    "format": "float",
                    "minimum": 0.01,
                    "example": 100
                  },
                  "date": {
                    "type": "string",
                    "format": "date-time",
                    "description": "Date of the transaction",
                    "example": "2025-04-20T10:30:00.000Z"
                  },
                  "comment": {
                    "type": "string",
                    "maxLength": 300,
                    "description": "Optional comment for the transaction",
                    "example": "Household products"
                  }
                }
              }
            }
          }
        },
        "responses": {
          "201": {
            "description": "Creates a transaction",
            "content": {
              "application/json": {
                "schema": {
                  "type": "object",
                  "required": [
                    "status",
                    "message",
                    "data"
                  ],
                  "properties": {
                    "status": {
                      "type": "integer",
                      "example": 201
                    },
                    "message": {
                      "type": "string",
                      "example": "Successfully created a transaction!"
                    },
                    "data": {
                      "type": "object",
                      "$ref": "#/components/schemas/transaction"
                    }
                  }
                }
              }
            }
          },
          "400": {
            "$ref": "#/components/responses/400"
          },
          "401": {
            "$ref": "#/components/responses/401"
          }
        }
      }
    },
    "/transactions/{id}": {
      "patch": {
        "tags": [
          "Transactions"
        ],
        "summary": "Update transaction by id",
        "operationId": "updateTransaction",
        "description": "Update transaction by id with payload",
        "security": [
          {
            "bearerAuth": []
          }
        ],
        "parameters": [
          {
            "in": "path",
            "name": "id",
            "required": true,
            "schema": {
              "type": "string",
              "example": "65ca67e7ae7f10c88b598384"
            }
          }
        ],
        "requestBody": {
          "content": {
            "multipart/form-data": {
              "schema": {
                "type": "object",
                "properties": {
                  "transactionType": {
                    "description": "Transaction type",
                    "type": "string",
                    "enum": [
                      "income",
                      "expense"
                    ]
                  },
                  "categoryId": {
                    "description": "Transaction category id",
                    "type": "string",
                    "example": "65e4decdd286b30065d54af9"
                  },
                  "summ": {
                    "description": "Transaction amount",
                    "type": "number",
                    "format": "float",
                    "minimum": 0.01,
                    "example": 100
                  },
                  "date": {
                    "type": "string",
                    "format": "date-time",
                    "description": "Date of the transaction",
                    "example": "2025-04-20T10:30:00.000Z"
                  },
                  "comment": {
                    "type": "string",
                    "maxLength": 300,
                    "description": "Optional comment for the transaction",
                    "example": "Household products"
                  }
                }
              }
            }
          }
        },
        "responses": {
          "200": {
            "description": "Get transaction by id",
            "content": {
              "application/json": {
                "schema": {
                  "type": "object",
                  "required": [
                    "status",
                    "message",
                    "data"
                  ],
                  "properties": {
                    "status": {
                      "type": "integer",
                      "example": 200
                    },
                    "message": {
                      "type": "string",
                      "example": "Successfully patched a transaction!"
                    },
                    "data": {
                      "type": "object",
                      "$ref": "#/components/schemas/transaction"
                    }
                  }
                }
              }
            }
          },
          "400": {
            "$ref": "#/components/responses/400"
          },
          "401": {
            "$ref": "#/components/responses/401"
          },
          "404": {
            "$ref": "#/components/responses/404"
          }
        }
      },
      "delete": {
        "tags": [
          "Transactions"
        ],
        "summary": "Delete transaction by id",
        "operationId": "deleteTransaction",
        "description": "Delete transaction by id",
        "security": [
          {
            "bearerAuth": []
          }
        ],
        "parameters": [
          {
            "in": "path",
            "name": "id",
            "required": true,
            "schema": {
              "type": "string",
              "example": "65ca67e7ae7f10c88b598384"
            }
          }
        ],
        "responses": {
          "204": {
            "description": "Delete transaction by id",
            "content": {
              "application/json": {
                "schema": {
                  "type": "object",
                  "required": [
                    "status"
                  ],
                  "properties": {
                    "status": {
                      "type": "integer",
                      "example": 204
                    }
                  }
                }
              }
            }
          },
          "401": {
            "$ref": "#/components/responses/401"
          },
          "404": {
            "$ref": "#/components/responses/404"
          }
        }
      }
    }
  },
  "components": {
    "securitySchemes": {
      "bearerAuth": {
        "type": "http",
        "scheme": "bearer"
      }
    },
    "schemas": {
      "user": {
        "type": "object",
        "required": [
          "_id",
          "name",
          "email",
          "createdAt",
          "updatedAt"
        ],
        "properties": {
          "_id": {
            "description": "Unique identifier of an user",
            "type": "string",
            "example": "67dd4fb6c1e46079abca809c"
          },
          "name": {
            "description": "Name of the user",
            "type": "string",
            "example": "John Doe"
          },
          "email": {
            "description": "Email address of an user",
            "type": "string",
            "example": "johndoe@example.com"
          },
          "createdAt": {
            "description": "Timestamp of user creation",
            "type": "string",
            "format": "date-time",
            "example": "2025-01-01T12:00:00Z"
          },
          "updatedAt": {
            "description": "Timestamp of the latest update of an user",
            "type": "string",
            "format": "date-time",
            "example": "2025-01-01T12:00:00Z"
          }
        }
      },
      "transaction": {
        "type": "object",
        "required": [
          "_id",
          "transactionType",
          "categoryId",
          "summ",
          "userId"
        ],
        "properties": {
          "_id": {
            "description": "Transaction id",
            "type": "string",
            "example": "65e4decdd286b30065d54af9"
          },
          "transactionType": {
            "description": "Transaction type",
            "type": "string",
            "enum": [
              "income",
              "expense"
            ]
          },
          "categoryId": {
            "description": "Transaction category id",
            "type": "string",
            "example": "65e4decdd286b30065d54af9"
          },
          "summ": {
            "description": "Transaction amount",
            "type": "number",
            "format": "float",
            "minimum": 0.01,
            "example": 100
          },
          "date": {
            "type": "string",
            "format": "date-time",
            "description": "Date of the transaction",
            "example": "2025-04-20T10:30:00.000Z"
          },
          "comment": {
            "type": "string",
            "maxLength": 300,
            "description": "Optional comment for the transaction",
            "example": "Household products"
          },
          "userId": {
            "description": "Transaction's user id",
            "type": "string",
            "example": "65e4decdd286b30065d54af9"
          }
        }
      }
    },
    "responses": {
      "400": {
        "description": "Bad Request error",
        "content": {
          "application/json": {
            "schema": {
              "type": "object",
              "required": [
                "status",
                "message",
                "data"
              ],
              "properties": {
                "status": {
                  "type": "integer",
                  "example": 400
                },
                "message": {
                  "type": "string",
                  "example": "BadRequestError"
                },
                "data": {
                  "type": "object",
                  "required": [
                    "message"
                  ],
                  "properties": {
                    "message": {
                      "type": "string",
                      "example": "Missing required fields"
                    }
                  }
                }
              }
            }
          }
        }
      },
      "401": {
        "description": "Unauthorized error",
        "content": {
          "application/json": {
            "schema": {
              "type": "object",
              "required": [
                "status",
                "message",
                "data"
              ],
              "properties": {
                "status": {
                  "type": "integer",
                  "example": 401
                },
                "message": {
                  "type": "string",
                  "example": "UnauthorizedError"
                },
                "data": {
                  "type": "object",
                  "required": [
                    "message"
                  ],
                  "properties": {
                    "message": {
                      "type": "string",
                      "example": "Access token expired, invalid or not provided"
                    }
                  }
                }
              }
            }
          }
        }
      },
      "404": {
        "description": "Not found error",
        "content": {
          "application/json": {
            "schema": {
              "type": "object",
              "required": [
                "status",
                "message",
                "data"
              ],
              "properties": {
                "status": {
                  "type": "integer",
                  "example": 404
                },
                "message": {
                  "type": "string",
                  "example": "NotFoundError"
                },
                "data": {
                  "type": "object",
                  "required": [
                    "message"
                  ],
                  "properties": {
                    "message": {
                      "type": "string",
                      "example": "Transaction not found"
                    }
                  }
                }
              }
            }
          }
        }
      },
      "500": {
        "description": "Internal server error",
        "content": {
          "application/json": {
            "schema": {
              "type": "object",
              "required": [
                "status",
                "message",
                "data"
              ],
              "properties": {
                "status": {
                  "type": "integer",
                  "example": 500
                },
                "data": {
                  "type": "object",
                  "required": [
                    "message"
                  ],
                  "properties": {
                    "message": {
                      "type": "string",
                      "example": "An unexpected error occured in the server, please try again later"
                    }
                  }
                }
              }
            }
          }
        }
      }
    }
  }
}